title,type,release_date,secondary_types,track_count,label
Welcome to MOMOLAND,EP,2016-11-10,,6,DubleKick Company
어마어마해,Single,2017-04-26,,5,DubleKick Company
Freeze!,EP,2017-08-22,,6,DubleKick Company
GREAT!,EP,2018-01-03,,6,DubleKick Company
의대한 유혹자 OST Part 1,Single,2018-03-20,Soundtrack,2,Kakao M
BBoom BBoom,Single,2018-06-13,,4,KING
Fun to the World,EP,2018-06-26,,5,MLD Entertainment
BAAM,Single,2018-11-07,,4,KING
Show Me,EP,2019-03-20,,6,MLD Entertainment
BANANA CHACHA,Single,2019-04-03,,2,ICONIX
Love Is Only You (MOMOLA),Single,2019-05-07,,1,MLD Entertainment
I'm So Hot,Single,2019-05-08,,6,KING
Thumbs Up,Single,2019-12-30,,4,MLD Entertainment
TIKI TAKA,Single,2020-05-28,,2,ICONIX
Starry Night,EP,2020-06-11,,5,MLD Entertainment
Ready or Not,Single,2020-11-17,,3,MLD Entertainment
Wrap Me in Plastic,Single,2021-02-05,,1,B1 Recordings
Yummy Yummy Love,Single,2022-01-14,,2,MLD Entertainment
RODEO,Single,2025-09-08,,2,Inyeon Entertainment
white spring,Single,2026-01-23,,2,Inyeon Entertainment
